{"cameraMode":{"drawMode":0,"name":"Shaded","section":"Shading Mode"},"sceneLighting":false,"audioPlay":false,"sceneViewState":{"showFog":true,"showMaterialUpdate":false,"showSkybox":false,"showFlares":true,"showImageEffects":true,"showParticleSystems":true},"in2DMode":false,"pivot":{"x":-8.060928344726563,"y":36.7269172668457,"z":17.01116180419922},"rotation":{"x":-0.2139918953180313,"y":-0.13635051250457765,"z":0.03011530451476574,"w":-0.9668500423431397},"size":144.4472198486328,"orthographic":false}