{"cameraMode":{"drawMode":0,"name":"Shaded","section":"Shading Mode"},"sceneLighting":true,"audioPlay":false,"sceneViewState":{"showFog":true,"showMaterialUpdate":false,"showSkybox":true,"showFlares":true,"showImageEffects":true,"showParticleSystems":true},"in2DMode":false,"pivot":{"x":-9.72282886505127,"y":-2.8559799194335939,"z":-10.41065788269043},"rotation":{"x":0.278822660446167,"y":0.7189013361930847,"z":-0.41525998711586,"w":0.48270004987716677},"size":30.714242935180665,"orthographic":false}